ATT,AWT,AGT_access,AFT,travel_p50,travel_p90,travel_p95,N,N_finished,completion_rate,backlog,system_person_minutes,system_person_minutes_per_passenger,episode_reward,episode_steps,policy_entropy_normalized,mean_policy_max_prob,action_0_share,action_1_share,single_pax_service_departures,turnaround_starts,turnaround_releases,pad_departure_reservations,pad_landing_reservations,service_pad_blocks,reposition_pad_blocks,e6_charger_active_aircraft_steps,e6_charger_wait_aircraft_steps,e6_max_charger_queue,final_queues,fleet_diag,stage,topology,method,eval_seed
140.01960784313727,113.43627450980392,5.828431372549019,20.88235294117647,53.5,358.70000000000005,394.85,300,204,0.68,96,63825.0,212.75,-44226.04211838867,601,nan,nan,0.6622296173044925,0.33777038269550747,0,0,0,0,0,0,0,0,0,0,"{""0"": 1, ""1"": 91, ""2"": 0}",{},E0,T2,SPF,123
140.19607843137254,113.61274509803921,5.828431372549019,20.88235294117647,49.5,358.70000000000005,402.85,300,204,0.68,96,63861.0,212.87,-43879.2342142281,601,nan,nan,0.6622296173044925,0.33777038269550747,0,0,0,0,0,0,0,0,0,0,"{""0"": 1, ""1"": 91, ""2"": 0}",{},E0,T2,SPF,124
142.45098039215685,115.86764705882354,5.828431372549019,20.88235294117647,55.5,363.70000000000005,403.85,300,204,0.68,96,64321.0,214.40333333333334,-44219.342992773,601,nan,nan,0.6622296173044925,0.33777038269550747,0,0,0,0,0,0,0,0,0,0,"{""0"": 1, ""1"": 91, ""2"": 0}",{},E0,T2,SPF,125
33.902027027027025,4.327702702702703,7.587837837837838,22.243243243243242,33.0,42.0,44.0,300,296,0.9866666666666667,4,11237.0,37.45666666666666,-19073.428540468358,601,nan,nan,0.9034941763727121,0.09650582362728785,0,0,0,0,0,0,0,0,0,0,"{""0"": 2, ""1"": 2, ""2"": 0}",{},E0,T2,STTF,123
33.403333333333336,3.79,7.633333333333334,22.253333333333334,33.0,40.0,42.0,300,300,1.0,0,10021.0,33.403333333333336,-18793.670794666632,601,nan,nan,0.9068219633943427,0.09317803660565724,0,0,0,0,0,0,0,0,0,0,"{""0"": 0, ""1"": 0, ""2"": 0}",{},E0,T2,STTF,124
33.652027027027025,3.945945945945946,7.662162162162162,22.2972972972973,33.0,40.5,43.0,300,296,0.9866666666666667,4,11205.0,37.35,-19033.565987694605,601,nan,nan,0.9101497504159733,0.08985024958402663,0,0,0,0,0,0,0,0,0,0,"{""0"": 2, ""1"": 2, ""2"": 0}",{},E0,T2,STTF,125
32.9695945945946,3.0844594594594597,7.912162162162162,22.2972972972973,32.0,39.5,44.25,300,296,0.9866666666666667,4,10981.0,36.60333333333333,-18567.53399334918,601,nan,nan,0.908485856905158,0.09151414309484193,0,0,0,0,0,0,0,0,0,0,"{""0"": 1, ""1"": 3, ""2"": 0}",{},E0,T2,QTTI2,123
33.013513513513516,3.1554054054054053,7.837837837837838,22.2972972972973,32.5,38.5,44.25,300,296,0.9866666666666667,4,10977.0,36.59,-18576.8333810108,601,nan,nan,0.908485856905158,0.09151414309484193,0,0,0,0,0,0,0,0,0,0,"{""0"": 1, ""1"": 3, ""2"": 0}",{},E0,T2,QTTI2,124
32.854729729729726,2.9054054054054053,7.898648648648648,22.35135135135135,32.0,38.0,45.0,300,296,0.9866666666666667,4,10945.0,36.483333333333334,-18478.76505511172,601,nan,nan,0.9184692179700499,0.08153078202995008,0,0,0,0,0,0,0,0,0,0,"{""0"": 3, ""1"": 1, ""2"": 0}",{},E0,T2,QTTI2,125
30.95608108108108,5.25,5.638513513513513,20.2972972972973,30.0,41.0,43.0,300,296,0.9866666666666667,4,10365.0,34.55,-17623.337902949712,601,nan,nan,0.6622296173044925,0.33777038269550747,0,0,0,0,0,0,0,0,0,0,"{""0"": 1, ""1"": 3, ""2"": 0}","{""fleet_size"": 40, ""initial_allocation"": {""0"": 30, ""1"": 10}, ""state_counts"": {""IDLE"": 40}, ""current_location_counts"": {""0"": 24, ""1"": 16}, ""spawned_at_reset"": 40, ""service_arrivals"": 74, ""reposition_departures"": 74, ""reposition_arrivals"": 74, ""fleet_assertions"": 603}",E2,T2,SPF,123
29.388513513513512,3.7027027027027026,5.638513513513513,20.2972972972973,28.0,37.5,39.0,300,296,0.9866666666666667,4,9901.0,33.00333333333333,-16717.800371632416,601,nan,nan,0.6622296173044925,0.33777038269550747,0,0,0,0,0,0,0,0,0,0,"{""0"": 1, ""1"": 3, ""2"": 0}","{""fleet_size"": 40, ""initial_allocation"": {""0"": 30, ""1"": 10}, ""state_counts"": {""IDLE"": 40}, ""current_location_counts"": {""0"": 26, ""1"": 14}, ""spawned_at_reset"": 40, ""service_arrivals"": 74, ""reposition_departures"": 74, ""reposition_arrivals"": 74, ""fleet_assertions"": 603}",E2,T2,SPF,124
29.388513513513512,3.7027027027027026,5.638513513513513,20.2972972972973,28.0,37.5,39.0,300,296,0.9866666666666667,4,9901.0,33.00333333333333,-16717.800371632416,601,nan,nan,0.6622296173044925,0.33777038269550747,0,0,0,0,0,0,0,0,0,0,"{""0"": 1, ""1"": 3, ""2"": 0}","{""fleet_size"": 40, ""initial_allocation"": {""0"": 30, ""1"": 10}, ""state_counts"": {""IDLE"": 40}, ""current_location_counts"": {""0"": 26, ""1"": 14}, ""spawned_at_reset"": 40, ""service_arrivals"": 74, ""reposition_departures"": 74, ""reposition_arrivals"": 74, ""fleet_assertions"": 603}",E2,T2,SPF,125
28.695945945945947,2.7094594594594597,5.804054054054054,20.45945945945946,28.0,36.0,38.0,300,296,0.9866666666666667,4,9709.0,32.36333333333334,-16281.098305688678,601,nan,nan,0.6855241264559068,0.3144758735440932,0,0,0,0,0,0,0,0,0,0,"{""0"": 3, ""1"": 1, ""2"": 0}","{""fleet_size"": 40, ""initial_allocation"": {""0"": 30, ""1"": 10}, ""state_counts"": {""IDLE"": 40}, ""current_location_counts"": {""0"": 31, ""1"": 9}, ""spawned_at_reset"": 40, ""service_arrivals"": 74, ""reposition_departures"": 74, ""reposition_arrivals"": 74, ""fleet_assertions"": 603}",E2,T2,STTF,123
28.695945945945947,2.7094594594594597,5.804054054054054,20.45945945945946,28.0,36.0,38.0,300,296,0.9866666666666667,4,9709.0,32.36333333333334,-16281.098305688678,601,nan,nan,0.6855241264559068,0.3144758735440932,0,0,0,0,0,0,0,0,0,0,"{""0"": 3, ""1"": 1, ""2"": 0}","{""fleet_size"": 40, ""initial_allocation"": {""0"": 30, ""1"": 10}, ""state_counts"": {""IDLE"": 40}, ""current_location_counts"": {""0"": 31, ""1"": 9}, ""spawned_at_reset"": 40, ""service_arrivals"": 74, ""reposition_departures"": 74, ""reposition_arrivals"": 74, ""fleet_assertions"": 603}",E2,T2,STTF,124
28.574324324324323,2.6722972972972974,5.77027027027027,20.405405405405407,27.0,36.0,38.0,300,296,0.9866666666666667,4,9673.0,32.24333333333333,-16214.11071652482,601,nan,nan,0.6788685524126455,0.3211314475873544,0,0,0,0,0,0,0,0,0,0,"{""0"": 3, ""1"": 1, ""2"": 0}","{""fleet_size"": 40, ""initial_allocation"": {""0"": 30, ""1"": 10}, ""state_counts"": {""IDLE"": 40}, ""current_location_counts"": {""0"": 32, ""1"": 8}, ""spawned_at_reset"": 40, ""service_arrivals"": 74, ""reposition_departures"": 74, ""reposition_arrivals"": 74, ""fleet_assertions"": 603}",E2,T2,STTF,125
28.95608108108108,2.5067567567567566,6.0641891891891895,20.675675675675677,28.0,35.5,38.0,300,296,0.9866666666666667,4,9785.0,32.61666666666667,-16260.918349429085,601,nan,nan,0.7121464226289518,0.2878535773710483,0,0,0,0,0,0,0,0,0,0,"{""0"": 3, ""1"": 1, ""2"": 0}","{""fleet_size"": 40, ""initial_allocation"": {""0"": 30, ""1"": 10}, ""state_counts"": {""IDLE"": 40}, ""current_location_counts"": {""0"": 36, ""1"": 4}, ""spawned_at_reset"": 40, ""service_arrivals"": 74, ""reposition_departures"": 74, ""reposition_arrivals"": 74, ""fleet_assertions"": 603}",E2,T2,QTTI2,123
28.95608108108108,2.5067567567567566,6.0641891891891895,20.675675675675677,28.0,35.5,38.0,300,296,0.9866666666666667,4,9785.0,32.61666666666667,-16260.918349429085,601,nan,nan,0.7121464226289518,0.2878535773710483,0,0,0,0,0,0,0,0,0,0,"{""0"": 3, ""1"": 1, ""2"": 0}","{""fleet_size"": 40, ""initial_allocation"": {""0"": 30, ""1"": 10}, ""state_counts"": {""IDLE"": 40}, ""current_location_counts"": {""0"": 36, ""1"": 4}, ""spawned_at_reset"": 40, ""service_arrivals"": 74, ""reposition_departures"": 74, ""reposition_arrivals"": 74, ""fleet_assertions"": 603}",E2,T2,QTTI2,124
28.969594594594593,2.52027027027027,6.0641891891891895,20.675675675675677,28.0,35.5,38.0,300,296,0.9866666666666667,4,9789.0,32.63,-16251.15280895226,601,nan,nan,0.7121464226289518,0.2878535773710483,0,0,0,0,0,0,0,0,0,0,"{""0"": 3, ""1"": 1, ""2"": 0}","{""fleet_size"": 40, ""initial_allocation"": {""0"": 30, ""1"": 10}, ""state_counts"": {""IDLE"": 40}, ""current_location_counts"": {""0"": 36, ""1"": 4}, ""spawned_at_reset"": 40, ""service_arrivals"": 74, ""reposition_departures"": 74, ""reposition_arrivals"": 74, ""fleet_assertions"": 603}",E2,T2,QTTI2,125
84.58666666666667,58.74333333333333,5.633333333333334,20.293333333333333,80.0,128.0,160.0,300,300,1.0,0,25376.0,84.58666666666667,-37697.83770113736,601,nan,nan,0.6622296173044925,0.33777038269550747,300,0,0,0,0,0,0,0,0,0,"{""0"": 0, ""1"": 0, ""2"": 0}","{""fleet_size"": 40, ""initial_allocation"": {""0"": 30, ""1"": 10}, ""state_counts"": {""IDLE"": 40}, ""current_location_counts"": {""0"": 19, ""2"": 21}, ""spawned_at_reset"": 40, ""service_arrivals"": 300, ""reposition_departures"": 279, ""reposition_arrivals"": 279, ""fleet_assertions"": 603}",E3,T2,SPF,123
84.58666666666667,58.74333333333333,5.633333333333334,20.293333333333333,80.0,128.0,160.0,300,300,1.0,0,25376.0,84.58666666666667,-37697.83770113736,601,nan,nan,0.6622296173044925,0.33777038269550747,300,0,0,0,0,0,0,0,0,0,"{""0"": 0, ""1"": 0, ""2"": 0}","{""fleet_size"": 40, ""initial_allocation"": {""0"": 30, ""1"": 10}, ""state_counts"": {""IDLE"": 40}, ""current_location_counts"": {""2"": 21, ""0"": 19}, ""spawned_at_reset"": 40, ""service_arrivals"": 300, ""reposition_departures"": 279, ""reposition_arrivals"": 279, ""fleet_assertions"": 603}",E3,T2,SPF,124
84.84333333333333,59.0,5.633333333333334,20.293333333333333,80.0,128.0,162.0,300,300,1.0,0,25453.0,84.84333333333333,-37795.17247849703,601,nan,nan,0.6622296173044925,0.33777038269550747,300,0,0,0,0,0,0,0,0,0,"{""0"": 0, ""1"": 0, ""2"": 0}","{""fleet_size"": 40, ""initial_allocation"": {""0"": 30, ""1"": 10}, ""state_counts"": {""IDLE"": 40}, ""current_location_counts"": {""0"": 19, ""2"": 20, ""1"": 1}, ""spawned_at_reset"": 40, ""service_arrivals"": 300, ""reposition_departures"": 280, ""reposition_arrivals"": 280, ""fleet_assertions"": 603}",E3,T2,SPF,125
64.62,38.36,6.456666666666667,19.866666666666667,51.0,74.0,233.8000000000004,300,300,1.0,0,19386.0,64.62,-28244.548840942945,601,nan,nan,0.6089850249584027,0.3910149750415973,300,0,0,0,0,0,0,0,0,0,"{""0"": 0, ""1"": 0, ""2"": 0}","{""fleet_size"": 40, ""initial_allocation"": {""0"": 30, ""1"": 10}, ""state_counts"": {""IDLE"": 40}, ""current_location_counts"": {""0"": 16, ""1"": 8, ""2"": 16}, ""spawned_at_reset"": 40, ""service_arrivals"": 300, ""reposition_departures"": 284, ""reposition_arrivals"": 284, ""fleet_assertions"": 603}",E3,T2,STTF,123
74.40666666666667,45.84,7.31,21.333333333333332,63.5,118.30000000000007,199.0,300,300,1.0,0,22322.0,74.40666666666667,-31653.862459641423,601,nan,nan,0.7920133111480865,0.2079866888519135,300,0,0,0,0,0,0,0,0,0,"{""0"": 0, ""1"": 0, ""2"": 0}","{""fleet_size"": 40, ""initial_allocation"": {""0"": 30, ""1"": 10}, ""state_counts"": {""IDLE"": 40}, ""current_location_counts"": {""0"": 16, ""1"": 21, ""2"": 3}, ""spawned_at_reset"": 40, ""service_arrivals"": 300, ""reposition_departures"": 297, ""reposition_arrivals"": 297, ""fleet_assertions"": 603}",E3,T2,STTF,124
74.41666666666667,45.85,7.31,21.333333333333332,63.5,118.30000000000007,199.0,300,300,1.0,0,22325.0,74.41666666666667,-31638.759366642455,601,nan,nan,0.7920133111480865,0.2079866888519135,300,0,0,0,0,0,0,0,0,0,"{""0"": 0, ""1"": 0, ""2"": 0}","{""fleet_size"": 40, ""initial_allocation"": {""0"": 30, ""1"": 10}, ""state_counts"": {""IDLE"": 40}, ""current_location_counts"": {""0"": 16, ""1"": 21, ""2"": 3}, ""spawned_at_reset"": 40, ""service_arrivals"": 300, ""reposition_departures"": 297, ""reposition_arrivals"": 297, ""fleet_assertions"": 603}",E3,T2,STTF,125
61.083333333333336,35.166666666666664,6.42,19.56,60.0,83.0,85.0,300,300,1.0,0,18325.0,61.083333333333336,-28184.36919342649,601,nan,nan,0.5707154742096506,0.4292845257903494,300,0,0,0,0,0,0,0,0,0,"{""0"": 0, ""1"": 0, ""2"": 0}","{""fleet_size"": 40, ""initial_allocation"": {""0"": 30, ""1"": 10}, ""state_counts"": {""IDLE"": 40}, ""current_location_counts"": {""0"": 23, ""1"": 13, ""2"": 4}, ""spawned_at_reset"": 40, ""service_arrivals"": 300, ""reposition_departures"": 296, ""reposition_arrivals"": 296, ""fleet_assertions"": 603}",E3,T2,QTTI2,123
61.07333333333333,35.156666666666666,6.42,19.56,60.0,83.0,85.0,300,300,1.0,0,18322.0,61.07333333333333,-28201.088207043234,601,nan,nan,0.5707154742096506,0.4292845257903494,300,0,0,0,0,0,0,0,0,0,"{""0"": 0, ""1"": 0, ""2"": 0}","{""fleet_size"": 40, ""initial_allocation"": {""0"": 30, ""1"": 10}, ""state_counts"": {""IDLE"": 40}, ""current_location_counts"": {""0"": 23, ""1"": 13, ""2"": 4}, ""spawned_at_reset"": 40, ""service_arrivals"": 300, ""reposition_departures"": 296, ""reposition_arrivals"": 296, ""fleet_assertions"": 603}",E3,T2,QTTI2,124
60.776666666666664,34.88666666666666,6.406666666666666,19.546666666666667,60.0,84.0,85.05000000000001,300,300,1.0,0,18233.0,60.776666666666664,-28225.424528421827,601,nan,nan,0.5690515806988353,0.43094841930116473,300,0,0,0,0,0,0,0,0,0,"{""0"": 0, ""1"": 0, ""2"": 0}","{""fleet_size"": 40, ""initial_allocation"": {""0"": 30, ""1"": 10}, ""state_counts"": {""IDLE"": 40}, ""current_location_counts"": {""0"": 24, ""1"": 13, ""2"": 3}, ""spawned_at_reset"": 40, ""service_arrivals"": 300, ""reposition_departures"": 297, ""reposition_arrivals"": 297, ""fleet_assertions"": 603}",E3,T2,QTTI2,125
97.81666666666666,71.97333333333333,5.633333333333334,20.293333333333333,94.5,165.0,179.05,300,300,1.0,0,29345.0,97.81666666666666,-41229.8130024724,601,nan,nan,0.6622296173044925,0.33777038269550747,300,594,594,0,0,0,0,0,0,0,"{""0"": 0, ""1"": 0, ""2"": 0}","{""fleet_size"": 40, ""initial_allocation"": {""0"": 30, ""1"": 10}, ""state_counts"": {""IDLE"": 40}, ""current_location_counts"": {""0"": 22, ""1"": 12, ""2"": 6}, ""spawned_at_reset"": 40, ""service_arrivals"": 300, ""reposition_departures"": 294, ""reposition_arrivals"": 294, ""fleet_assertions"": 603}",E4,T2,SPF,123
97.81666666666666,71.97333333333333,5.633333333333334,20.293333333333333,94.5,165.0,179.05,300,300,1.0,0,29345.0,97.81666666666666,-41229.8130024724,601,nan,nan,0.6622296173044925,0.33777038269550747,300,594,594,0,0,0,0,0,0,0,"{""0"": 0, ""1"": 0, ""2"": 0}","{""fleet_size"": 40, ""initial_allocation"": {""0"": 30, ""1"": 10}, ""state_counts"": {""IDLE"": 40}, ""current_location_counts"": {""1"": 12, ""0"": 22, ""2"": 6}, ""spawned_at_reset"": 40, ""service_arrivals"": 300, ""reposition_departures"": 294, ""reposition_arrivals"": 294, ""fleet_assertions"": 603}",E4,T2,SPF,124
97.81666666666666,71.97333333333333,5.633333333333334,20.293333333333333,94.5,165.0,179.05,300,300,1.0,0,29345.0,97.81666666666666,-41229.8130024724,601,nan,nan,0.6622296173044925,0.33777038269550747,300,594,594,0,0,0,0,0,0,0,"{""0"": 0, ""1"": 0, ""2"": 0}","{""fleet_size"": 40, ""initial_allocation"": {""0"": 30, ""1"": 10}, ""state_counts"": {""IDLE"": 40}, ""current_location_counts"": {""1"": 12, ""0"": 22, ""2"": 6}, ""spawned_at_reset"": 40, ""service_arrivals"": 300, ""reposition_departures"": 294, ""reposition_arrivals"": 294, ""fleet_assertions"": 603}",E4,T2,SPF,125
92.35333333333334,63.083333333333336,7.653333333333333,21.69333333333333,84.0,178.10000000000002,263.0,300,300,1.0,0,27706.0,92.35333333333334,-35903.77576956801,601,nan,nan,0.8369384359400999,0.16306156405990016,300,592,592,0,0,0,0,0,0,0,"{""0"": 0, ""1"": 0, ""2"": 0}","{""fleet_size"": 40, ""initial_allocation"": {""0"": 30, ""1"": 10}, ""state_counts"": {""IDLE"": 40}, ""current_location_counts"": {""0"": 28, ""2"": 8, ""1"": 4}, ""spawned_at_reset"": 40, ""service_arrivals"": 300, ""reposition_departures"": 292, ""reposition_arrivals"": 292, ""fleet_assertions"": 603}",E4,T2,STTF,123
92.34,63.07,7.653333333333333,21.69333333333333,84.0,178.10000000000002,263.0,300,300,1.0,0,27702.0,92.34,-35916.771450389795,601,nan,nan,0.8369384359400999,0.16306156405990016,300,592,592,0,0,0,0,0,0,0,"{""0"": 0, ""1"": 0, ""2"": 0}","{""fleet_size"": 40, ""initial_allocation"": {""0"": 30, ""1"": 10}, ""state_counts"": {""IDLE"": 40}, ""current_location_counts"": {""0"": 28, ""2"": 8, ""1"": 4}, ""spawned_at_reset"": 40, ""service_arrivals"": 300, ""reposition_departures"": 292, ""reposition_arrivals"": 292, ""fleet_assertions"": 603}",E4,T2,STTF,124
92.34,63.07,7.653333333333333,21.69333333333333,84.0,178.10000000000002,263.0,300,300,1.0,0,27702.0,92.34,-35916.771450389795,601,nan,nan,0.8369384359400999,0.16306156405990016,300,592,592,0,0,0,0,0,0,0,"{""0"": 0, ""1"": 0, ""2"": 0}","{""fleet_size"": 40, ""initial_allocation"": {""0"": 30, ""1"": 10}, ""state_counts"": {""IDLE"": 40}, ""current_location_counts"": {""0"": 28, ""2"": 8, ""1"": 4}, ""spawned_at_reset"": 40, ""service_arrivals"": 300, ""reposition_departures"": 292, ""reposition_arrivals"": 292, ""fleet_assertions"": 603}",E4,T2,STTF,125
75.15666666666667,48.95666666666666,6.533333333333333,19.733333333333334,66.0,105.10000000000002,108.05000000000001,300,300,1.0,0,22547.0,75.15666666666667,-31661.259857748144,601,nan,nan,0.5923460898502496,0.40765391014975044,300,590,590,0,0,0,0,0,0,0,"{""0"": 0, ""1"": 0, ""2"": 0}","{""fleet_size"": 40, ""initial_allocation"": {""0"": 30, ""1"": 10}, ""state_counts"": {""IDLE"": 40}, ""current_location_counts"": {""0"": 21, ""1"": 9, ""2"": 10}, ""spawned_at_reset"": 40, ""service_arrivals"": 300, ""reposition_departures"": 290, ""reposition_arrivals"": 290, ""fleet_assertions"": 603}",E4,T2,QTTI2,123
74.38666666666667,48.28666666666667,6.493333333333333,19.666666666666668,70.0,100.0,102.10000000000002,300,300,1.0,0,22316.0,74.38666666666667,-32139.688930423614,601,nan,nan,0.5840266222961731,0.415973377703827,300,589,589,0,0,0,0,0,0,0,"{""0"": 0, ""1"": 0, ""2"": 0}","{""fleet_size"": 40, ""initial_allocation"": {""0"": 30, ""1"": 10}, ""state_counts"": {""IDLE"": 40}, ""current_location_counts"": {""0"": 21, ""1"": 8, ""2"": 11}, ""spawned_at_reset"": 40, ""service_arrivals"": 300, ""reposition_departures"": 289, ""reposition_arrivals"": 289, ""fleet_assertions"": 603}",E4,T2,QTTI2,124
75.15666666666667,48.95666666666666,6.533333333333333,19.733333333333334,66.0,105.10000000000002,108.05000000000001,300,300,1.0,0,22547.0,75.15666666666667,-31661.259857748144,601,nan,nan,0.5923460898502496,0.40765391014975044,300,590,590,0,0,0,0,0,0,0,"{""0"": 0, ""1"": 0, ""2"": 0}","{""fleet_size"": 40, ""initial_allocation"": {""0"": 30, ""1"": 10}, ""state_counts"": {""IDLE"": 40}, ""current_location_counts"": {""0"": 21, ""1"": 9, ""2"": 10}, ""spawned_at_reset"": 40, ""service_arrivals"": 300, ""reposition_departures"": 290, ""reposition_arrivals"": 290, ""fleet_assertions"": 603}",E4,T2,QTTI2,125
165.42412451361866,139.84824902723736,5.5680933852140075,20.105058365758754,156.0,303.4,313.0,300,257,0.8566666666666667,43,56645.0,188.81666666666666,-54826.67478358589,601,nan,nan,0.6622296173044925,0.33777038269550747,274,502,498,522,522,1993,429,0,0,0,"{""0"": 26, ""1"": 0, ""2"": 0}","{""fleet_size"": 40, ""initial_allocation"": {""0"": 30, ""1"": 10}, ""state_counts"": {""IDLE"": 13, ""CHARGING"": 3, ""FLYING"": 20, ""WAITING"": 4}, ""current_location_counts"": {""1"": 27, ""2"": 12, ""0"": 1}, ""spawned_at_reset"": 40, ""service_arrivals"": 257, ""reposition_departures"": 248, ""reposition_arrivals"": 245, ""fleet_assertions"": 603}",E5,T2,SPF,123
165.42412451361866,139.84824902723736,5.5680933852140075,20.105058365758754,156.0,303.4,313.0,300,257,0.8566666666666667,43,56645.0,188.81666666666666,-54826.67478358589,601,nan,nan,0.6622296173044925,0.33777038269550747,274,502,498,522,522,1992,429,0,0,0,"{""0"": 26, ""1"": 0, ""2"": 0}","{""fleet_size"": 40, ""initial_allocation"": {""0"": 30, ""1"": 10}, ""state_counts"": {""IDLE"": 13, ""CHARGING"": 3, ""FLYING"": 20, ""WAITING"": 4}, ""current_location_counts"": {""1"": 27, ""2"": 12, ""0"": 1}, ""spawned_at_reset"": 40, ""service_arrivals"": 257, ""reposition_departures"": 248, ""reposition_arrivals"": 245, ""fleet_assertions"": 603}",E5,T2,SPF,124
165.42412451361866,139.84824902723736,5.5680933852140075,20.105058365758754,156.0,303.4,313.0,300,257,0.8566666666666667,43,56645.0,188.81666666666666,-54826.67478358589,601,nan,nan,0.6622296173044925,0.33777038269550747,274,502,498,522,522,1993,429,0,0,0,"{""0"": 26, ""1"": 0, ""2"": 0}","{""fleet_size"": 40, ""initial_allocation"": {""0"": 30, ""1"": 10}, ""state_counts"": {""IDLE"": 13, ""CHARGING"": 3, ""FLYING"": 20, ""WAITING"": 4}, ""current_location_counts"": {""1"": 27, ""2"": 12, ""0"": 1}, ""spawned_at_reset"": 40, ""service_arrivals"": 257, ""reposition_departures"": 248, ""reposition_arrivals"": 245, ""fleet_assertions"": 603}",E5,T2,SPF,125
172.29535864978902,145.9704641350211,6.569620253164557,19.843881856540083,181.0,268.0,383.0,300,237,0.79,63,62322.0,207.74,-53954.304941793685,601,nan,nan,0.627287853577371,0.37271214642262895,259,462,462,491,491,2217,407,0,0,0,"{""0"": 4, ""1"": 37, ""2"": 0}","{""fleet_size"": 40, ""initial_allocation"": {""0"": 30, ""1"": 10}, ""state_counts"": {""FLYING"": 29, ""IDLE"": 11}, ""current_location_counts"": {""2"": 12, ""0"": 28}, ""spawned_at_reset"": 40, ""service_arrivals"": 237, ""reposition_departures"": 232, ""reposition_arrivals"": 225, ""fleet_assertions"": 603}",E5,T2,STTF,123
160.5486381322957,134.72373540856032,6.2957198443579765,19.622568093385215,158.0,299.0,306.0,300,257,0.8566666666666667,43,60050.0,200.16666666666666,-50248.540504558514,601,nan,nan,0.6239600665557404,0.37603993344425957,267,487,484,503,503,2015,441,0,0,0,"{""0"": 33, ""1"": 0, ""2"": 0}","{""fleet_size"": 40, ""initial_allocation"": {""0"": 30, ""1"": 10}, ""state_counts"": {""FLYING"": 16, ""IDLE"": 14, ""WAITING"": 3, ""CHARGING"": 7}, ""current_location_counts"": {""2"": 27, ""0"": 2, ""1"": 11}, ""spawned_at_reset"": 40, ""service_arrivals"": 257, ""reposition_departures"": 236, ""reposition_arrivals"": 230, ""fleet_assertions"": 603}",E5,T2,STTF,124
172.29535864978902,145.9704641350211,6.569620253164557,19.843881856540083,181.0,268.0,383.0,300,237,0.79,63,62322.0,207.74,-53954.304941793685,601,nan,nan,0.627287853577371,0.37271214642262895,259,462,462,491,491,2211,407,0,0,0,"{""0"": 4, ""1"": 37, ""2"": 0}","{""fleet_size"": 40, ""initial_allocation"": {""0"": 30, ""1"": 10}, ""state_counts"": {""FLYING"": 29, ""IDLE"": 11}, ""current_location_counts"": {""2"": 12, ""0"": 28}, ""spawned_at_reset"": 40, ""service_arrivals"": 237, ""reposition_departures"": 232, ""reposition_arrivals"": 225, ""fleet_assertions"": 603}",E5,T2,STTF,125
201.12077294685992,171.7342995169082,7.497584541062802,21.97584541062802,177.0,465.0,477.79999999999995,300,207,0.69,93,74274.0,247.58,-53310.901880191974,601,nan,nan,0.8402662229617305,0.15973377703826955,207,376,374,398,398,2204,364,0,0,0,"{""0"": 50, ""1"": 43, ""2"": 0}","{""fleet_size"": 40, ""initial_allocation"": {""0"": 30, ""1"": 10}, ""state_counts"": {""FLYING"": 22, ""WAITING"": 2, ""IDLE"": 16}, ""current_location_counts"": {""2"": 38, ""0"": 2}, ""spawned_at_reset"": 40, ""service_arrivals"": 207, ""reposition_departures"": 191, ""reposition_arrivals"": 169, ""fleet_assertions"": 603}",E5,T2,QTTI2,123
201.12077294685992,171.7342995169082,7.497584541062802,21.97584541062802,177.0,465.0,477.79999999999995,300,207,0.69,93,74274.0,247.58,-53310.901880191974,601,nan,nan,0.8402662229617305,0.15973377703826955,207,376,374,398,398,2199,364,0,0,0,"{""0"": 50, ""1"": 43, ""2"": 0}","{""fleet_size"": 40, ""initial_allocation"": {""0"": 30, ""1"": 10}, ""state_counts"": {""FLYING"": 22, ""WAITING"": 2, ""IDLE"": 16}, ""current_location_counts"": {""2"": 38, ""0"": 2}, ""spawned_at_reset"": 40, ""service_arrivals"": 207, ""reposition_departures"": 191, ""reposition_arrivals"": 169, ""fleet_assertions"": 603}",E5,T2,QTTI2,124
179.244,151.752,6.948,20.616,138.0,407.2,415.0,300,250,0.8333333333333334,50,60997.0,203.32333333333332,-50380.596463277354,601,nan,nan,0.6921797004991681,0.30782029950083195,258,468,468,488,488,1753,432,0,0,0,"{""0"": 14, ""1"": 28, ""2"": 0}","{""fleet_size"": 40, ""initial_allocation"": {""0"": 30, ""1"": 10}, ""state_counts"": {""FLYING"": 20, ""IDLE"": 20}, ""current_location_counts"": {""2"": 32, ""1"": 8}, ""spawned_at_reset"": 40, ""service_arrivals"": 250, ""reposition_departures"": 230, ""reposition_arrivals"": 218, ""fleet_assertions"": 603}",E5,T2,QTTI2,125
196.5311203319502,170.93360995850622,5.560165975103734,20.04564315352697,184.0,357.0,363.0,300,241,0.8033333333333333,59,67305.0,224.35,-65989.91924662773,601,nan,nan,0.6622296173044925,0.33777038269550747,248,455,454,473,473,162,219,2610,10767,30,"{""0"": 27, ""1"": 25, ""2"": 0}","{""fleet_size"": 40, ""initial_allocation"": {""0"": 30, ""1"": 10}, ""state_counts"": {""CHARGING"": 20, ""FLYING"": 18, ""IDLE"": 1, ""WAITING"": 1}, ""current_location_counts"": {""2"": 27, ""0"": 13}, ""spawned_at_reset"": 40, ""service_arrivals"": 241, ""reposition_departures"": 225, ""reposition_arrivals"": 214, ""fleet_assertions"": 603}",E6,T2,SPF,123
198.00409836065575,172.40573770491804,5.55327868852459,20.049180327868854,185.0,359.70000000000005,365.0,300,244,0.8133333333333334,56,67183.0,223.94333333333333,-65628.66068556519,601,nan,nan,0.6622296173044925,0.33777038269550747,249,458,454,473,473,151,201,2613,10764,30,"{""0"": 28, ""1"": 23, ""2"": 0}","{""fleet_size"": 40, ""initial_allocation"": {""0"": 30, ""1"": 10}, ""state_counts"": {""CHARGING"": 20, ""FLYING"": 15, ""WAITING"": 4, ""IDLE"": 1}, ""current_location_counts"": {""2"": 30, ""0"": 10}, ""spawned_at_reset"": 40, ""service_arrivals"": 244, ""reposition_departures"": 224, ""reposition_arrivals"": 214, ""fleet_assertions"": 603}",E6,T2,SPF,124
196.0625,170.47916666666666,5.554166666666666,20.033333333333335,184.5,352.1,361.0,300,240,0.8,60,67403.0,224.67666666666668,-66091.32799442958,601,nan,nan,0.6622296173044925,0.33777038269550747,248,454,452,472,472,159,210,2607,10783,30,"{""0"": 27, ""1"": 25, ""2"": 0}","{""fleet_size"": 40, ""initial_allocation"": {""0"": 30, ""1"": 10}, ""state_counts"": {""CHARGING"": 19, ""FLYING"": 18, ""WAITING"": 2, ""IDLE"": 1}, ""current_location_counts"": {""2"": 26, ""0"": 14}, ""spawned_at_reset"": 40, ""service_arrivals"": 240, ""reposition_departures"": 224, ""reposition_arrivals"": 214, ""fleet_assertions"": 603}",E6,T2,SPF,125
182.9142857142857,156.4612244897959,6.346938775510204,20.110204081632652,151.0,410.2,418.0,300,245,0.8166666666666667,55,65671.0,218.90333333333334,-61491.85751233616,601,nan,nan,0.6672212978369384,0.33277870216306155,251,459,457,477,477,164,254,2608,10542,30,"{""0"": 28, ""1"": 21, ""2"": 0}","{""fleet_size"": 40, ""initial_allocation"": {""0"": 30, ""1"": 10}, ""state_counts"": {""FLYING"": 18, ""CHARGING"": 20, ""WAITING"": 2}, ""current_location_counts"": {""2"": 31, ""1"": 2, ""0"": 7}, ""spawned_at_reset"": 40, ""service_arrivals"": 245, ""reposition_departures"": 226, ""reposition_arrivals"": 214, ""fleet_assertions"": 603}",E6,T2,STTF,123
230.00943396226415,200.29245283018867,7.570754716981132,22.150943396226417,209.5,464.9,470.0,300,212,0.7066666666666667,88,79335.0,264.45,-71017.02891315731,601,nan,nan,0.8585690515806988,0.14143094841930118,222,404,401,425,425,157,191,2438,10899,30,"{""0"": 38, ""1"": 40, ""2"": 0}","{""fleet_size"": 40, ""initial_allocation"": {""0"": 30, ""1"": 10}, ""state_counts"": {""FLYING"": 21, ""CHARGING"": 14, ""IDLE"": 2, ""WAITING"": 3}, ""current_location_counts"": {""2"": 20, ""0"": 20}, ""spawned_at_reset"": 40, ""service_arrivals"": 212, ""reposition_departures"": 203, ""reposition_arrivals"": 192, ""fleet_assertions"": 603}",E6,T2,STTF,124
192.93305439330544,165.55230125523013,6.7112970711297075,20.673640167364017,168.0,327.20000000000005,340.1,300,239,0.7966666666666666,61,66572.0,221.90666666666667,-66858.89854340327,601,nan,nan,0.7254575707154742,0.27454242928452577,248,451,450,471,471,148,265,2627,10355,30,"{""0"": 26, ""1"": 26, ""2"": 0}","{""fleet_size"": 40, ""initial_allocation"": {""0"": 30, ""1"": 10}, ""state_counts"": {""FLYING"": 20, ""CHARGING"": 19, ""WAITING"": 1}, ""current_location_counts"": {""2"": 27, ""0"": 13}, ""spawned_at_reset"": 40, ""service_arrivals"": 239, ""reposition_departures"": 223, ""reposition_arrivals"": 212, ""fleet_assertions"": 603}",E6,T2,STTF,125
214.73076923076923,183.63942307692307,8.288461538461538,22.807692307692307,218.0,342.0,350.0,300,208,0.6933333333333334,92,80040.0,266.8,-71384.60231514025,601,nan,nan,0.9217970049916805,0.07820299500831947,215,400,397,417,417,148,127,2419,11121,30,"{""0"": 48, ""1"": 37, ""2"": 0}","{""fleet_size"": 40, ""initial_allocation"": {""0"": 30, ""1"": 10}, ""state_counts"": {""FLYING"": 17, ""CHARGING"": 19, ""WAITING"": 3, ""IDLE"": 1}, ""current_location_counts"": {""2"": 16, ""0"": 24}, ""spawned_at_reset"": 40, ""service_arrivals"": 208, ""reposition_departures"": 202, ""reposition_arrivals"": 192, ""fleet_assertions"": 603}",E6,T2,QTTI2,123
212.56730769230768,181.46153846153845,8.302884615384615,22.807692307692307,215.5,335.3,350.0,300,208,0.6933333333333334,92,79789.0,265.9633333333333,-70571.06947032477,601,nan,nan,0.9267886855241264,0.07321131447587355,217,401,399,421,421,63,132,2407,11180,30,"{""0"": 49, ""1"": 34, ""2"": 0}","{""fleet_size"": 40, ""initial_allocation"": {""0"": 30, ""1"": 10}, ""state_counts"": {""FLYING"": 20, ""WAITING"": 2, ""IDLE"": 2, ""CHARGING"": 16}, ""current_location_counts"": {""2"": 15, ""0"": 25}, ""spawned_at_reset"": 40, ""service_arrivals"": 208, ""reposition_departures"": 204, ""reposition_arrivals"": 193, ""fleet_assertions"": 603}",E6,T2,QTTI2,124
213.48325358851676,182.32535885167465,8.354066985645932,22.80861244019139,213.0,336.20000000000005,352.0,300,209,0.6966666666666667,91,79953.0,266.51,-70853.27021940205,601,nan,nan,0.9234608985024958,0.07653910149750416,217,402,400,420,420,128,89,2423,11120,30,"{""0"": 47, ""1"": 36, ""2"": 0}","{""fleet_size"": 40, ""initial_allocation"": {""0"": 30, ""1"": 10}, ""state_counts"": {""FLYING"": 18, ""CHARGING"": 20, ""WAITING"": 2}, ""current_location_counts"": {""2"": 16, ""0"": 24}, ""spawned_at_reset"": 40, ""service_arrivals"": 209, ""reposition_departures"": 203, ""reposition_arrivals"": 193, ""fleet_assertions"": 603}",E6,T2,QTTI2,125
