experiment,group,step,cells_with_curve,full_completion_cells,median_full_att_min,min_full_att_min,max_full_att_min
exp06,E0,50000,5,0,,,
exp06,E0,100000,5,0,,,
exp06,E0,150000,5,0,,,
exp06,E0,200000,5,0,,,
exp06,E0,250000,5,0,,,
exp06,E0,300000,5,0,,,
exp06,E0,350000,5,0,,,
exp06,E0,400000,5,0,,,
exp06,E0,450000,5,0,,,
exp06,E0,500000,5,0,,,
exp06,E0,550000,5,0,,,
exp06,E0,600000,5,0,,,
exp06,E0,650000,5,0,,,
exp06,E0,700000,5,0,,,
exp06,E0,750000,5,0,,,
exp06,E0,800000,5,0,,,
exp06,E1,50000,5,3,97.34666666666665,83.8,105.99666666666667
exp06,E1,100000,5,4,134.475,117.63666666666667,143.98666666666668
exp06,E1,150000,5,5,126.54,96.33333333333333,182.12666666666667
exp06,E1,200000,5,5,108.41666666666667,94.57666666666667,131.59
exp06,E1,250000,5,5,97.24333333333334,89.05666666666667,116.79666666666667
exp06,E1,300000,5,5,95.80333333333333,81.31,107.71333333333332
exp06,E1,350000,5,5,95.68333333333334,79.21,128.39666666666668
exp06,E1,400000,5,5,92.83999999999999,72.66,124.75666666666666
exp06,E1,450000,5,5,91.34333333333332,69.16333333333333,117.54666666666667
exp06,E1,500000,5,5,92.74333333333334,64.83666666666667,114.82333333333334
exp06,E1,550000,5,5,92.33333333333333,65.57,131.67666666666668
exp06,E1,600000,5,5,91.53666666666668,69.11,158.86
exp06,E1,650000,5,5,92.22333333333331,64.26333333333334,173.09666666666666
exp06,E1,700000,5,4,82.62,67.38333333333334,93.17333333333333
exp06,E1,750000,5,4,84.975,64.08666666666667,94.26
exp06,E1,800000,5,4,82.58166666666666,62.78333333333333,90.40666666666668
exp06,E2,50000,5,2,121.39666666666665,87.84666666666665,154.94666666666666
exp06,E2,100000,5,3,143.51333333333332,100.89666666666666,160.72666666666666
exp06,E2,150000,5,5,115.35333333333334,86.22333333333331,201.85
exp06,E2,200000,5,4,102.33000000000001,90.27,192.37
exp06,E2,250000,5,3,96.98666666666666,89.77333333333333,100.99666666666667
exp06,E2,300000,5,3,98.75,88.16000000000001,99.41000000000001
exp06,E2,350000,5,3,93.82666666666667,88.29666666666667,98.61666666666666
exp06,E2,400000,5,3,93.07666666666667,87.66333333333334,98.38666666666667
exp06,E2,450000,5,3,91.84999999999998,89.18,97.79333333333334
exp06,E2,500000,5,4,92.39666666666666,86.31333333333333,116.58999999999999
exp06,E2,550000,5,5,95.67666666666666,84.97333333333333,164.85666666666665
exp06,E2,600000,5,5,95.05,89.18,131.72333333333333
exp06,E2,650000,5,5,93.39,89.17,133.06
exp06,E2,700000,5,5,94.52666666666669,86.19333333333333,172.26
exp06,E2,750000,5,4,92.18833333333333,86.92333333333333,132.98333333333332
exp06,E2,800000,5,3,89.85333333333334,85.71,93.96666666666665
exp06,E4,50000,5,0,,,
exp06,E4,100000,5,0,,,
exp06,E4,150000,5,0,,,
exp06,E4,200000,5,0,,,
exp06,E4,250000,5,0,,,
exp06,E4,300000,5,0,,,
exp06,E4,350000,5,0,,,
exp06,E4,400000,5,0,,,
exp06,E4,450000,5,0,,,
exp06,E4,500000,5,0,,,
exp06,E4,550000,5,0,,,
exp06,E4,600000,5,0,,,
exp06,E4,650000,5,0,,,
exp06,E4,700000,5,0,,,
exp06,E4,750000,5,0,,,
exp06,E4,800000,5,0,,,
exp06,E5,50000,5,0,,,
exp06,E5,100000,5,0,,,
exp06,E5,150000,5,0,,,
exp06,E5,200000,5,0,,,
exp06,E5,250000,5,0,,,
exp06,E5,300000,5,0,,,
exp06,E5,350000,5,0,,,
exp06,E5,400000,5,0,,,
exp06,E5,450000,5,0,,,
exp06,E5,500000,5,0,,,
exp06,E5,550000,5,0,,,
exp06,E5,600000,5,0,,,
exp06,E5,650000,5,0,,,
exp06,E5,700000,5,0,,,
exp06,E5,750000,5,0,,,
exp06,E5,800000,5,0,,,
exp06,J0,50000,5,0,,,
exp06,J0,100000,5,0,,,
exp06,J0,150000,5,0,,,
exp06,J0,200000,5,0,,,
exp06,J0,250000,5,0,,,
exp06,J0,300000,5,0,,,
exp06,J0,350000,5,0,,,
exp06,J0,400000,5,0,,,
exp06,J0,450000,5,0,,,
exp06,J0,500000,5,0,,,
exp06,J0,550000,5,0,,,
exp06,J0,600000,5,0,,,
exp06,J0,650000,5,0,,,
exp06,J0,700000,5,0,,,
exp06,J0,750000,5,0,,,
exp06,J0,800000,5,0,,,
exp06,J1,50000,5,0,,,
exp06,J1,100000,5,0,,,
exp06,J1,150000,5,0,,,
exp06,J1,200000,5,0,,,
exp06,J1,250000,5,0,,,
exp06,J1,300000,5,0,,,
exp06,J1,350000,5,0,,,
exp06,J1,400000,5,0,,,
exp06,J1,450000,5,0,,,
exp06,J1,500000,5,0,,,
exp06,J1,550000,5,0,,,
exp06,J1,600000,5,0,,,
exp06,J1,650000,5,0,,,
exp06,J1,700000,5,0,,,
exp06,J1,750000,5,0,,,
exp06,J1,800000,5,0,,,
exp06,J2,50000,5,0,,,
exp06,J2,100000,5,0,,,
exp06,J2,150000,5,0,,,
exp06,J2,200000,5,0,,,
exp06,J2,250000,5,0,,,
exp06,J2,300000,5,0,,,
exp06,J2,350000,5,0,,,
exp06,J2,400000,5,0,,,
exp06,J2,450000,5,0,,,
exp06,J2,500000,5,0,,,
exp06,J2,550000,5,0,,,
exp06,J2,600000,5,0,,,
exp06,J2,650000,5,0,,,
exp06,J2,700000,5,0,,,
exp06,J2,750000,5,0,,,
exp06,J2,800000,5,0,,,
exp06,J3,50000,5,0,,,
exp06,J3,100000,5,0,,,
exp06,J3,150000,5,0,,,
exp06,J3,200000,5,0,,,
exp06,J3,250000,5,0,,,
exp06,J3,300000,5,0,,,
exp06,J3,350000,5,0,,,
exp06,J3,400000,5,0,,,
exp06,J3,450000,5,0,,,
exp06,J3,500000,5,0,,,
exp06,J3,550000,5,0,,,
exp06,J3,600000,5,0,,,
exp06,J3,650000,5,0,,,
exp06,J3,700000,5,0,,,
exp06,J3,750000,5,0,,,
exp06,J3,800000,5,0,,,
