experiment,cell,env,method,train_seed,step,att_min,awt_min,agt_min,aft_min,completion_rate,full_completion,n_eval_seeds,n_valid,passenger_v0_share,passenger_v1_share,aircraft_v0_share,aircraft_v1_share,source,analytic_baseline,analytic_att_min,analytic_evidence,uagmc_baseline,uagmc_best_att_min,uagmc_final_att_min,uagmc_evidence,baseline_comparability_note
exp01,longest_queue,early_LQ_vs_VertiSync,longest_queue,,50000,40.641891891891895,14.270270270270268,6.6959459459459465,19.81081081081081,0.9866666666666667,False,3,,0.20666666666666667,0.7933333333333333,,,exp01_lq_vs_vertisync_1p6m__analysis.zip!run/posttrain_analysis/curve_by_method.csv,,,,本矩阵 longest_queue 组,,31.843333333333334,本矩阵实测；800k；100% 完成,简化 VertiSync 非完整 Sync；缺少配对解析基线
exp01,longest_queue,early_LQ_vs_VertiSync,longest_queue,,100000,164.40441176470588,139.09191176470588,6.205882352941177,19.11764705882353,0.9066666666666666,False,3,,0.03666666666666667,0.9633333333333334,,,exp01_lq_vs_vertisync_1p6m__analysis.zip!run/posttrain_analysis/curve_by_method.csv,,,,本矩阵 longest_queue 组,,31.843333333333334,本矩阵实测；800k；100% 完成,简化 VertiSync 非完整 Sync；缺少配对解析基线
exp01,longest_queue,early_LQ_vs_VertiSync,longest_queue,,150000,36.395270270270274,9.43581081081081,6.905405405405406,20.243243243243242,0.9866666666666667,False,3,,0.31333333333333335,0.6866666666666666,,,exp01_lq_vs_vertisync_1p6m__analysis.zip!run/posttrain_analysis/curve_by_method.csv,,,,本矩阵 longest_queue 组,,31.843333333333334,本矩阵实测；800k；100% 完成,简化 VertiSync 非完整 Sync；缺少配对解析基线
exp01,longest_queue,early_LQ_vs_VertiSync,longest_queue,,200000,31.003333333333334,3.073333333333333,7.32,20.866666666666667,1.0,True,3,,0.4666666666666666,0.5333333333333333,,,exp01_lq_vs_vertisync_1p6m__analysis.zip!run/posttrain_analysis/curve_by_method.csv,,,,本矩阵 longest_queue 组,,31.843333333333334,本矩阵实测；800k；100% 完成,简化 VertiSync 非完整 Sync；缺少配对解析基线
exp01,longest_queue,early_LQ_vs_VertiSync,longest_queue,,250000,30.584459459459463,2.682432432432433,7.378378378378378,20.783783783783782,0.9866666666666667,False,3,,0.45,0.55,,,exp01_lq_vs_vertisync_1p6m__analysis.zip!run/posttrain_analysis/curve_by_method.csv,,,,本矩阵 longest_queue 组,,31.843333333333334,本矩阵实测；800k；100% 完成,简化 VertiSync 非完整 Sync；缺少配对解析基线
exp01,longest_queue,early_LQ_vs_VertiSync,longest_queue,,300000,30.165540540540537,2.807432432432433,7.0608108108108105,20.56756756756757,0.9866666666666667,False,3,,0.3933333333333333,0.6066666666666667,,,exp01_lq_vs_vertisync_1p6m__analysis.zip!run/posttrain_analysis/curve_by_method.csv,,,,本矩阵 longest_queue 组,,31.843333333333334,本矩阵实测；800k；100% 完成,简化 VertiSync 非完整 Sync；缺少配对解析基线
exp01,longest_queue,early_LQ_vs_VertiSync,longest_queue,,350000,30.456666666666667,2.8633333333333333,7.226666666666667,20.653333333333332,1.0,True,3,,0.41333333333333333,0.5866666666666667,,,exp01_lq_vs_vertisync_1p6m__analysis.zip!run/posttrain_analysis/curve_by_method.csv,,,,本矩阵 longest_queue 组,,31.843333333333334,本矩阵实测；800k；100% 完成,简化 VertiSync 非完整 Sync；缺少配对解析基线
exp01,longest_queue,early_LQ_vs_VertiSync,longest_queue,,400000,30.35135135135135,3.0135135135135136,7.131756756756757,20.45945945945946,0.9866666666666667,False,3,,0.36333333333333334,0.6366666666666667,,,exp01_lq_vs_vertisync_1p6m__analysis.zip!run/posttrain_analysis/curve_by_method.csv,,,,本矩阵 longest_queue 组,,31.843333333333334,本矩阵实测；800k；100% 完成,简化 VertiSync 非完整 Sync；缺少配对解析基线
exp01,longest_queue,early_LQ_vs_VertiSync,longest_queue,,450000,30.45608108108108,3.2432432432432434,6.993243243243243,20.513513513513512,0.9866666666666667,False,3,,0.37666666666666665,0.6233333333333333,,,exp01_lq_vs_vertisync_1p6m__analysis.zip!run/posttrain_analysis/curve_by_method.csv,,,,本矩阵 longest_queue 组,,31.843333333333334,本矩阵实测；800k；100% 完成,简化 VertiSync 非完整 Sync；缺少配对解析基线
exp01,longest_queue,early_LQ_vs_VertiSync,longest_queue,,500000,30.03716216216216,2.97972972972973,6.9493243243243255,20.405405405405407,0.9866666666666667,False,3,,0.35333333333333333,0.6466666666666666,,,exp01_lq_vs_vertisync_1p6m__analysis.zip!run/posttrain_analysis/curve_by_method.csv,,,,本矩阵 longest_queue 组,,31.843333333333334,本矩阵实测；800k；100% 完成,简化 VertiSync 非完整 Sync；缺少配对解析基线
exp01,longest_queue,early_LQ_vs_VertiSync,longest_queue,,550000,30.527027027027028,3.0,7.135135135135134,20.675675675675677,0.9866666666666667,False,3,,0.4166666666666667,0.5833333333333334,,,exp01_lq_vs_vertisync_1p6m__analysis.zip!run/posttrain_analysis/curve_by_method.csv,,,,本矩阵 longest_queue 组,,31.843333333333334,本矩阵实测；800k；100% 完成,简化 VertiSync 非完整 Sync；缺少配对解析基线
exp01,longest_queue,early_LQ_vs_VertiSync,longest_queue,,600000,29.550675675675677,2.807432432432433,6.753378378378378,20.243243243243242,0.9866666666666667,False,3,,0.31333333333333335,0.6866666666666666,,,exp01_lq_vs_vertisync_1p6m__analysis.zip!run/posttrain_analysis/curve_by_method.csv,,,,本矩阵 longest_queue 组,,31.843333333333334,本矩阵实测；800k；100% 完成,简化 VertiSync 非完整 Sync；缺少配对解析基线
exp01,longest_queue,early_LQ_vs_VertiSync,longest_queue,,650000,30.79391891891892,3.3378378378378373,7.158783783783785,20.56756756756757,0.9866666666666667,False,3,,0.38999999999999996,0.61,,,exp01_lq_vs_vertisync_1p6m__analysis.zip!run/posttrain_analysis/curve_by_method.csv,,,,本矩阵 longest_queue 组,,31.843333333333334,本矩阵实测；800k；100% 完成,简化 VertiSync 非完整 Sync；缺少配对解析基线
exp01,longest_queue,early_LQ_vs_VertiSync,longest_queue,,700000,30.98310810810811,3.2837837837837838,7.266891891891892,20.72972972972973,0.9866666666666667,False,3,,0.43,0.57,,,exp01_lq_vs_vertisync_1p6m__analysis.zip!run/posttrain_analysis/curve_by_method.csv,,,,本矩阵 longest_queue 组,,31.843333333333334,本矩阵实测；800k；100% 完成,简化 VertiSync 非完整 Sync；缺少配对解析基线
exp01,longest_queue,early_LQ_vs_VertiSync,longest_queue,,750000,30.14189189189189,3.25,6.9256756756756745,20.243243243243242,0.9866666666666667,False,3,,0.31666666666666665,0.6833333333333332,,,exp01_lq_vs_vertisync_1p6m__analysis.zip!run/posttrain_analysis/curve_by_method.csv,,,,本矩阵 longest_queue 组,,31.843333333333334,本矩阵实测；800k；100% 完成,简化 VertiSync 非完整 Sync；缺少配对解析基线
exp01,longest_queue,early_LQ_vs_VertiSync,longest_queue,,800000,31.843333333333334,4.32,7.156666666666666,20.6,1.0,True,3,,0.4000000000000001,0.6,,,exp01_lq_vs_vertisync_1p6m__analysis.zip!run/posttrain_analysis/curve_by_method.csv,,,,本矩阵 longest_queue 组,,31.843333333333334,本矩阵实测；800k；100% 完成,简化 VertiSync 非完整 Sync；缺少配对解析基线
exp01,vertisync_simple,early_LQ_vs_VertiSync,vertisync_simple,,50000,40.898648648648646,14.364864864864865,6.733108108108108,19.864864864864863,0.9866666666666667,False,3,,0.2233333333333333,0.7766666666666667,,,exp01_lq_vs_vertisync_1p6m__analysis.zip!run/posttrain_analysis/curve_by_method.csv,,,,本矩阵 longest_queue 组,,31.843333333333334,本矩阵实测；800k；100% 完成,简化 VertiSync 非完整 Sync；缺少配对解析基线
exp01,vertisync_simple,early_LQ_vs_VertiSync,vertisync_simple,,100000,41.5777027027027,14.945945945945946,6.777027027027027,19.91891891891892,0.9866666666666667,False,3,,0.23666666666666666,0.7633333333333333,,,exp01_lq_vs_vertisync_1p6m__analysis.zip!run/posttrain_analysis/curve_by_method.csv,,,,本矩阵 longest_queue 组,,31.843333333333334,本矩阵实测；800k；100% 完成,简化 VertiSync 非完整 Sync；缺少配对解析基线
exp01,vertisync_simple,early_LQ_vs_VertiSync,vertisync_simple,,150000,41.93666666666667,14.979999999999999,6.96,20.066666666666666,1.0,True,3,,0.26666666666666666,0.7333333333333333,,,exp01_lq_vs_vertisync_1p6m__analysis.zip!run/posttrain_analysis/curve_by_method.csv,,,,本矩阵 longest_queue 组,,31.843333333333334,本矩阵实测；800k；100% 完成,简化 VertiSync 非完整 Sync；缺少配对解析基线
exp01,vertisync_simple,early_LQ_vs_VertiSync,vertisync_simple,,200000,39.90878378378378,12.020270270270268,7.368243243243243,20.62162162162162,0.9866666666666667,False,3,,0.4066666666666667,0.5933333333333334,,,exp01_lq_vs_vertisync_1p6m__analysis.zip!run/posttrain_analysis/curve_by_method.csv,,,,本矩阵 longest_queue 组,,31.843333333333334,本矩阵实测；800k；100% 完成,简化 VertiSync 非完整 Sync；缺少配对解析基线
exp01,vertisync_simple,early_LQ_vs_VertiSync,vertisync_simple,,250000,39.57666666666667,11.846666666666666,7.386666666666667,20.44,1.0,True,3,,0.36000000000000004,0.64,,,exp01_lq_vs_vertisync_1p6m__analysis.zip!run/posttrain_analysis/curve_by_method.csv,,,,本矩阵 longest_queue 组,,31.843333333333334,本矩阵实测；800k；100% 完成,简化 VertiSync 非完整 Sync；缺少配对解析基线
exp01,vertisync_simple,early_LQ_vs_VertiSync,vertisync_simple,,300000,40.310810810810814,12.95608108108108,7.1959459459459465,20.243243243243242,0.9866666666666667,False,3,,0.31666666666666665,0.6833333333333332,,,exp01_lq_vs_vertisync_1p6m__analysis.zip!run/posttrain_analysis/curve_by_method.csv,,,,本矩阵 longest_queue 组,,31.843333333333334,本矩阵实测；800k；100% 完成,简化 VertiSync 非完整 Sync；缺少配对解析基线
exp01,vertisync_simple,early_LQ_vs_VertiSync,vertisync_simple,,350000,40.145270270270274,12.45608108108108,7.3141891891891895,20.45945945945946,0.9866666666666667,False,3,,0.36333333333333334,0.6366666666666667,,,exp01_lq_vs_vertisync_1p6m__analysis.zip!run/posttrain_analysis/curve_by_method.csv,,,,本矩阵 longest_queue 组,,31.843333333333334,本矩阵实测；800k；100% 完成,简化 VertiSync 非完整 Sync；缺少配对解析基线
exp01,vertisync_simple,early_LQ_vs_VertiSync,vertisync_simple,,400000,42.75,13.662162162162161,7.753378378378378,21.43243243243243,0.9866666666666667,False,3,,0.6066666666666667,0.3933333333333333,,,exp01_lq_vs_vertisync_1p6m__analysis.zip!run/posttrain_analysis/curve_by_method.csv,,,,本矩阵 longest_queue 组,,31.843333333333334,本矩阵实测；800k；100% 完成,简化 VertiSync 非完整 Sync；缺少配对解析基线
exp01,vertisync_simple,early_LQ_vs_VertiSync,vertisync_simple,,450000,43.638513513513516,14.030405405405405,7.952702702702703,21.756756756756758,0.9866666666666667,False,3,,0.6866666666666666,0.31333333333333335,,,exp01_lq_vs_vertisync_1p6m__analysis.zip!run/posttrain_analysis/curve_by_method.csv,,,,本矩阵 longest_queue 组,,31.843333333333334,本矩阵实测；800k；100% 完成,简化 VertiSync 非完整 Sync；缺少配对解析基线
exp01,vertisync_simple,early_LQ_vs_VertiSync,vertisync_simple,,500000,43.33445945945946,13.875,7.858108108108108,21.702702702702698,0.9866666666666667,False,3,,0.6733333333333333,0.32666666666666666,,,exp01_lq_vs_vertisync_1p6m__analysis.zip!run/posttrain_analysis/curve_by_method.csv,,,,本矩阵 longest_queue 组,,31.843333333333334,本矩阵实测；800k；100% 完成,简化 VertiSync 非完整 Sync；缺少配对解析基线
exp01,vertisync_simple,early_LQ_vs_VertiSync,vertisync_simple,,550000,43.597972972972975,14.135135135135135,7.875,21.702702702702698,0.9866666666666667,False,3,,0.6733333333333333,0.32666666666666666,,,exp01_lq_vs_vertisync_1p6m__analysis.zip!run/posttrain_analysis/curve_by_method.csv,,,,本矩阵 longest_queue 组,,31.843333333333334,本矩阵实测；800k；100% 完成,简化 VertiSync 非完整 Sync；缺少配对解析基线
exp01,vertisync_simple,early_LQ_vs_VertiSync,vertisync_simple,,600000,39.55,11.843333333333334,7.243333333333333,20.546666666666667,1.0,True,3,,0.38666666666666666,0.6133333333333333,,,exp01_lq_vs_vertisync_1p6m__analysis.zip!run/posttrain_analysis/curve_by_method.csv,,,,本矩阵 longest_queue 组,,31.843333333333334,本矩阵实测；800k；100% 完成,简化 VertiSync 非完整 Sync；缺少配对解析基线
exp01,vertisync_simple,early_LQ_vs_VertiSync,vertisync_simple,,650000,40.895270270270274,12.891891891891893,7.358108108108108,20.72972972972973,0.9866666666666667,False,3,,0.43333333333333335,0.5666666666666667,,,exp01_lq_vs_vertisync_1p6m__analysis.zip!run/posttrain_analysis/curve_by_method.csv,,,,本矩阵 longest_queue 组,,31.843333333333334,本矩阵实测；800k；100% 完成,简化 VertiSync 非完整 Sync；缺少配对解析基线
exp01,vertisync_simple,early_LQ_vs_VertiSync,vertisync_simple,,700000,39.85666666666667,11.836666666666666,7.406666666666666,20.706666666666667,1.0,True,3,,0.4266666666666667,0.5733333333333334,,,exp01_lq_vs_vertisync_1p6m__analysis.zip!run/posttrain_analysis/curve_by_method.csv,,,,本矩阵 longest_queue 组,,31.843333333333334,本矩阵实测；800k；100% 完成,简化 VertiSync 非完整 Sync；缺少配对解析基线
exp01,vertisync_simple,early_LQ_vs_VertiSync,vertisync_simple,,750000,41.945945945945944,14.108108108108107,7.256756756756757,20.675675675675677,0.9866666666666667,False,3,,0.42,0.58,,,exp01_lq_vs_vertisync_1p6m__analysis.zip!run/posttrain_analysis/curve_by_method.csv,,,,本矩阵 longest_queue 组,,31.843333333333334,本矩阵实测；800k；100% 完成,简化 VertiSync 非完整 Sync；缺少配对解析基线
exp01,vertisync_simple,early_LQ_vs_VertiSync,vertisync_simple,,800000,42.29054054054054,13.979729729729732,7.456081081081081,20.945945945945947,0.9866666666666667,False,3,,0.49,0.51,,,exp01_lq_vs_vertisync_1p6m__analysis.zip!run/posttrain_analysis/curve_by_method.csv,,,,本矩阵 longest_queue 组,,31.843333333333334,本矩阵实测；800k；100% 完成,简化 VertiSync 非完整 Sync；缺少配对解析基线
